{
	"variants": {
		"level=0": {
			"model": "block/light/level_0"
		},
		"level=1": {
			"model": "block/light/level_1"
		},
		"level=2": {
			"model": "block/light/level_2"
		},
		"level=3": {
			"model": "block/light/level_3"
		},
		"level=4": {
			"model": "block/light/level_4"
		},
		"level=5": {
			"model": "block/light/level_5"
		},
		"level=6": {
			"model": "block/light/level_6"
		},
		"level=7": {
			"model": "block/light/level_7"
		},
		"level=8": {
			"model": "block/light/level_8"
		},
		"level=9": {
			"model": "block/light/level_9"
		},
		"level=10": {
			"model": "block/light/level_10"
		},
		"level=11": {
			"model": "block/light/level_11"
		},
		"level=12": {
			"model": "block/light/level_12"
		},
		"level=13": {
			"model": "block/light/level_13"
		},
		"level=14": {
			"model": "block/light/level_14"
		},
		"level=15": {
			"model": "block/light/level_15"
		}
	}
}