{
  "version": 1,
  "author": "Uri Shaked",
  "editor": "wokwi",
  "parts": [
    {
      "type": "wokwi-esp32-devkit-v1",
      "id": "esp",
      "top": 100.7,
      "left": -158.6,
      "attrs": { "fastTLS": "1" }
    },
    {
      "type": "wokwi-ili9341",
      "id": "lcd1",
      "top": 34.7,
      "left": 88.6,
      "rotate": 90,
      "attrs": {}
    }
  ],
  "connections": [
    [ "esp:TX0", "$serialMonitor:RX", "", [] ],
    [ "esp:RX0", "$serialMonitor:TX", "", [] ],
    [ "lcd1:GND", "esp:GND.1", "black", [ "h-19.2", "v91.54" ] ],
    [ "lcd1:RST", "esp:D4", "purple", [ "h-57.6", "v43.34" ] ],
    [ "lcd1:D/C", "esp:D2", "#8f4814", [ "h-28.8", "v44.14" ] ],
    [ "lcd1:SCK", "esp:D18", "gray", [ "v-0.01", "h-48", "v-19.2" ] ],
    [ "lcd1:MISO", "esp:D19", "orange", [ "h-38.4", "v-9.61", "h-28.8", "v-38.3" ] ],
    [ "lcd1:MOSI", "esp:D23", "green", [ "h-38.4", "v-67.31" ] ],
    [ "esp:VIN", "lcd1:VCC", "red", [ "h-21.83", "v-170.12", "h201.6", "v59.48" ] ],
    [ "lcd1:CS", "esp:D15", "violet", [ "h-76.8", "v76.8" ] ]
  ]
}